Workbook

Sheet Sheet1
A1: record_id | B1: player_id | C1: team_name | D1: player_role | E1: map_played | F1: match_type | G1: kills | H1: assists | I1: deaths | J1: accuracy_percent | K1: reaction_time_ms | L1: fatigue_index | M1: performance_score | N1: win_probability | O1: match_outcome | P1: mvp_award | Q1: Total score | R1: Rank | S1: K/D Ratio | T1: performance level | U1: Top kill role | V1: Accuracy level | W1: Most player role | X1: Team average score
A2: 870 | B2: 1 | C2: CyberX | D2: Sniper | E2: Desert Storm | F2: Group Stage | G2: 28 | H2: 12 | I2: 11 | J2: 35.17 | K2: 222.8 | L2: 0.73 | M2: 67.29 | N2: 1 | O2: Win | P2: Yes | Q2: =G2+H2-I2 -> 29 | R2: =RANK(N2,$N$2:N$2800,0) -> 1 | S2: =G2/I2 -> 2.5454545 | T2: =IF(Q2<15,"Low",IF(Q2<25,"Good","Excellent")) -> Excellent | U2: {=_xlfn.LET(_xlpm.roles,_xlfn.UNIQUE(D2:D2800),_xlpm.kills, SUMIF(D2:D2800,_xlpm.roles,G2:G2800),INDEX(_xlpm.roles,MATCH(MAX(_xlpm.kills),_xlpm.kills,0)))} -> Entry Fragger | V2: =IF(J2>=50,"High Accuracy",IF(J2>=30,"Medium Accuracy","Low Accuracy")) -> Medium Accuracy | W2: {=_xlfn.LET(_xlpm.roles,_xlfn.UNIQUE(D2:D2800), _xlpm.counts,COUNTIF(D2:D2800,_xlpm.roles), INDEX(_xlpm.roles,MATCH(MAX(_xlpm.counts),_xlpm.counts,0)))} -> Entry Fragger | X2: =AVERAGEIF($C$2:$C$2800,C2,$Q$2:$Q$2800) -> 13.103594
A3: 1146 | B3: 1 | C3: Titan Esports | D3: Sniper | E3: Dust Arena | F3: Group Stage | G3: 9 | H3: 5 | I3: 4 | J3: 30.91 | K3: 216.43 | L3: 0.53 | M3: 29.15 | N3: 0.84 | O3: Win | P3: No | Q3: =G3+H3-I3 -> 10 | R3: =RANK(N3,$N$2:N$2800,0) -> 2156 | S3: =G3/I3 -> 2.25 | T3: =IF(Q3<15,"Low",IF(Q3<25,"Good","Excellent")) -> Low | U3: {=_xlfn.LET(_xlpm.roles,_xlfn.UNIQUE(D3:D2801),_xlpm.kills, SUMIF(D3:D2801,_xlpm.roles,G3:G2801),INDEX(_xlpm.roles,MATCH(MAX(_xlpm.kills),_xlpm.kills,0)))} -> Entry Fragger | V3: =IF(J3>=50,"High Accuracy",IF(J3>=30,"Medium Accuracy","Low Accuracy")) -> Medium Accuracy | W3: {=_xlfn.LET(_xlpm.roles,_xlfn.UNIQUE(D3:D2801), _xlpm.counts,COUNTIF(D3:D2801,_xlpm.roles), INDEX(_xlpm.roles,MATCH(MAX(_xlpm.counts),_xlpm.counts,0)))} -> Entry Fragger | X3: =AVERAGEIF($C$2:$C$2800,C3,$Q$2:$Q$2800) -> 12.520971
A4: 1219 | B4: 1 | C4: Red Vortex | D4: Support | E4: Desert Storm | F4: Final | G4: 16 | H4: 4 | I4: 8 | J4: 34.02 | K4: 204.88 | L4: 0.35 | M4: 41.51 | N4: 0.99 | O4: Win | P4: No | Q4: =G4+H4-I4 -> 12 | R4: =RANK(N4,$N$2:N$2800,0) -> 1080 | S4: =G4/I4 -> 2 | T4: =IF(Q4<15,"Low",IF(Q4<25,"Good","Excellent")) -> Low | U4: {=_xlfn.LET(_xlpm.roles,_xlfn.UNIQUE(D4:D2802),_xlpm.kills, SUMIF(D4:D2802,_xlpm.roles,G4:G2802),INDEX(_xlpm.roles,MATCH(MAX(_xlpm.kills),_xlpm.kills,0)))} -> Entry Fragger | V4: =IF(J4>=50,"High Accuracy",IF(J4>=30,"Medium Accuracy","Low Accuracy")) -> Medium Accuracy | W4: {=_xlfn.LET(_xlpm.roles,_xlfn.UNIQUE(D4:D2802), _xlpm.counts,COUNTIF(D4:D2802,_xlpm.roles), INDEX(_xlpm.roles,MATCH(MAX(_xlpm.counts),_xlpm.counts,0)))} -> Entry Fragger | X4: =AVERAGEIF($C$2:$C$2800,C4,$Q$2:$Q$2800) -> 12.599585
A5: 1820 | B5: 1 | C5: Phantom Squad | D5: IGL | E5: Dust Arena | F5: Playoff | G5: 19 | H5: 9 | I5: 6 | J5: 59.47 | K5: 202.86 | L5: 0.89 | M5: 61.84 | N5: 1 | O5: Win | P5: Yes | Q5: =G5+H5-I5 -> 22 | R5: =RANK(N5,$N$2:N$2800,0) -> 1 | S5: =G5/I5 -> 3.1666667 | T5: =IF(Q5<15,"Low",IF(Q5<25,"Good","Excellent")) -> Good | U5: {=_xlfn.LET(_xlpm.roles,_xlfn.UNIQUE(D5:D2803),_xlpm.kills, SUMIF(D5:D2803,_xlpm.roles,G5:G2803),INDEX(_xlpm.roles,MATCH(MAX(_xlpm.kills),_xlpm.kills,0)))} -> Entry Fragger | V5: =IF(J5>=50,"High Accuracy",IF(J5>=30,"Medium Accuracy","Low Accuracy")) -> High Accuracy | W5: {=_xlfn.LET(_xlpm.roles,_xlfn.UNIQUE(D5:D2803), _xlpm.counts,COUNTIF(D5:D2803,_xlpm.roles), INDEX(_xlpm.roles,MATCH(MAX(_xlpm.counts),_xlpm.counts,0)))} -> Entry Fragger | X5: =AVERAGEIF($C$2:$C$2800,C5,$Q$2:$Q$2800) -> 13.135802
A6: 2599 | B6: 1 | C6: Red Vortex | D6: Flex | E6: Desert Storm | F6: Final | G6: 14 | H6: 5 | I6: 7 | J6: 47.68 | K6: 262.63 | L6: 0.32 | M6: 46.64 | N6: 1 | O6: Win | P6: No | Q6: =G6+H6-I6 -> 12 | R6: =RANK(N6,$N$2:N$2800,0) -> 1 | S6: =G6/I6 -> 2 | T6: =IF(Q6<15,"Low",IF(Q6<25,"Good","Excellent")) -> Low | U6: {=_xlfn.LET(_xlpm.roles,_xlfn.UNIQUE(D6:D2804),_xlpm.kills, SUMIF(D6:D2804,_xlpm.roles,G6:G2804),INDEX(_xlpm.roles,MATCH(MAX(_xlpm.kills),_xlpm.kills,0)))} -> Entry Fragger | V6: =IF(J6>=50,"High Accuracy",IF(J6>=30,"Medium Accuracy","Low Accuracy")) -> Medium Accuracy | W6: {=_xlfn.LET(_xlpm.roles,_xlfn.UNIQUE(D6:D2804), _xlpm.counts,COUNTIF(D6:D2804,_xlpm.roles), INDEX(_xlpm.roles,MATCH(MAX(_xlpm.counts),_xlpm.counts,0)))} -> Entry Fragger | X6: =AVERAGEIF($C$2:$C$2800,C6,$Q$2:$Q$2800) -> 12.599585
A7: 2 | B7: 2 | C7: Titan Esports | D7: Support | E7: Neon City | F7: Final | G7: 16 | H7: 7 | I7: 11 | J7: 40.5 | K7: 201.98 | L7: 0.68 | M7: 41.45 | N7: 0.89 | O7: Win | P7: No | Q7: =G7+H7-I7 -> 12 | R7: =RANK(N7,$N$2:N$2800,0) -> 1815 | S7: =G7/I7 -> 1.4545455 | T7: =IF(Q7<15,"Low",IF(Q7<25,"Good","Excellent")) -> Low | U7: {=_xlfn.LET(_xlpm.roles,_xlfn.UNIQUE(D7:D2805),_xlpm.kills, SUMIF(D7:D2805,_xlpm.roles,G7:G2805),INDEX(_xlpm.roles,MATCH(MAX(_xlpm.kills),_xlpm.kills,0)))} -> Entry Fragger | V7: =IF(J7>=50,"High Accuracy",IF(J7>=30,"Medium Accuracy","Low Accuracy")) -> Medium Accuracy | W7: {=_xlfn.LET(_xlpm.roles,_xlfn.UNIQUE(D7:D2805), _xlpm.counts,COUNTIF(D7:D2805,_xlpm.roles), INDEX(_xlpm.roles,MATCH(MAX(_xlpm.counts),_xlpm.counts,0)))} -> Entry Fragger | X7: =AVERAGEIF($C$2:$C$2800,C7,$Q$2:$Q$2800) -> 12.520971
A8: 821 | B8: 2 | C8: Team Nova | D8: Support | E8: Neon City | F8: Final | G8: 16 | H8: 10 | I8: 9 | J8: 41.98 | K8: 257.97 | L8: 0.03 | M8: 53.69 | N8: 1 | O8: Win | P8: No | Q8: =G8+H8-I8 -> 17 | R8: =RANK(N8,$N$2:N$2800,0) -> 1 | S8: =G8/I8 -> 1.7777778 | T8: =IF(Q8<15,"Low",IF(Q8<25,"Good","Excellent")) -> Good | U8: {=_xlfn.LET(_xlpm.roles,_xlfn.UNIQUE(D8:D2806),_xlpm.kills, SUMIF(D8:D2806,_xlpm.roles,G8:G2806),INDEX(_xlpm.roles,MATCH(MAX(_xlpm.kills),_xlpm.kills,0)))} -> Entry Fragger | V8: =IF(J8>=50,"High Accuracy",IF(J8>=30,"Medium Accuracy","Low Accuracy")) -> Medium Accuracy | W8: {=_xlfn.LET(_xlpm.roles,_xlfn.UNIQUE(D8:D2806), _xlpm.counts,COUNTIF(D8:D2806,_xlpm.roles), INDEX(_xlpm.roles,MATCH(MAX(_xlpm.counts),_xlpm.counts,0)))} -> Entry Fragger | X8: =AVERAGEIF($C$2:$C$2800,C8,$Q$2:$Q$2800) -> 13.057078
A9: 2406 | B9: 2 | C9: Phantom Squad | D9: Flex | E9: Skyline | F9: Semi-Final | G9: 15 | H9: 9 | I9: 9 | J9: 40.31 | K9: 205.6 | L9: 0.21 | M9: 48.05 | N9: 0.79 | O9: Win | P9: No | Q9: =G9+H9-I9 -> 15 | R9: =RANK(N9,$N$2:N$2800,0) -> 2436 | S9: =G9/I9 -> 1.6666667 | T9: =IF(Q9<15,"Low",IF(Q9<25,"Good","Excellent")) -> Good | U9: {=_xlfn.LET(_xlpm.roles,_xlfn.UNIQUE(D9:D2807),_xlpm.kills, SUMIF(D9:D2807,_xlpm.roles,G9:G2807),INDEX(_xlpm.roles,MATCH(MAX(_xlpm.kills),_xlpm.kills,0)))} -> Entry Fragger | V9: =IF(J9>=50,"High Accuracy",IF(J9>=30,"Medium Accuracy","Low Accuracy")) -> Medium Accuracy | W9: {=_xlfn.LET(_xlpm.roles,_xlfn.UNIQUE(D9:D2807), _xlpm.counts,COUNTIF(D9:D2807,_xlpm.roles), INDEX(_xlpm.roles,MATCH(MAX(_xlpm.counts),_xlpm.counts,0)))} -> Entry Fragger | X9: =AVERAGEIF($C$2:$C$2800,C9,$Q$2:$Q$2800) -> 13.135802
A10: 2488 | B10: 2 | C10: Phantom Squad | D10: Entry Fragger | E10: Skyline | F10: Playoff | G10: 25 | H10: 6 | I10: 11 | J10: 42.95 | K10: 242.44 | L10: 0.03 | M10: 66.17 | N10: 1 | O10: Win | P10: Yes | Q10: =G10+H10-I10 -> 20 | R10: =RANK(N10,$N$2:N$2800,0) -> 1 | S10: =G10/I10 -> 2.2727273 | T10: =IF(Q10<15,"Low",IF(Q10<25,"Good","Excellent")) -> Good | U10: {=_xlfn.LET(_xlpm.roles,_xlfn.UNIQUE(D10:D2808),_xlpm.kills, SUMIF(D10:D2808,_xlpm.roles,G10:G2808),INDEX(_xlpm.roles,MATCH(MAX(_xlpm.kills),_xlpm.kills,0)))} -> Entry Fragger | V10: =IF(J10>=50,"High Accuracy",IF(J10>=30,"Medium Accuracy","Low Accuracy")) -> Medium Accuracy | W10: {=_xlfn.LET(_xlpm.roles,_xlfn.UNIQUE(D10:D2808), _xlpm.counts,COUNTIF(D10:D2808,_xlpm.roles), INDEX(_xlpm.roles,MATCH(MAX(_xlpm.counts),_xlpm.counts,0)))} -> Entry Fragger | X10: =AVERAGEIF($C$2:$C$2800,C10,$Q$2:$Q$2800) -> 13.135802
A11: 722 | B11: 3 | C11: Red Vortex | D11: Support | E11: Neon City | F11: Final | G11: 14 | H11: 5 | I11: 10 | J11: 53.26 | K11: 209.35 | L11: 0.68 | M11: 42.83 | N11: 0.83 | O11: Win | P11: No | Q11: =G11+H11-I11 -> 9 | R11: =RANK(N11,$N$2:N$2800,0) -> 2218 | S11: =G11/I11 -> 1.4 | T11: =IF(Q11<15,"Low",IF(Q11<25,"Good","Excellent")) -> Low | U11: {=_xlfn.LET(_xlpm.roles,_xlfn.UNIQUE(D11:D2809),_xlpm.kills, SUMIF(D11:D2809,_xlpm.roles,G11:G2809),INDEX(_xlpm.roles,MATCH(MAX(_xlpm.kills),_xlpm.kills,0)))} -> Entry Fragger | V11: =IF(J11>=50,"High Accuracy",IF(J11>=30,"Medium Accuracy","Low Accuracy")) -> High Accuracy | W11: {=_xlfn.LET(_xlpm.roles,_xlfn.UNIQUE(D11:D2809), _xlpm.counts,COUNTIF(D11:D2809,_xlpm.roles), INDEX(_xlpm.roles,MATCH(MAX(_xlpm.counts),_xlpm.counts,0)))} -> Entry Fragger | X11: =AVERAGEIF($C$2:$C$2800,C11,$Q$2:$Q$2800) -> 12.599585
A12: 960 | B12: 3 | C12: Team Nova | D12: Flex | E12: Desert Storm | F12: Group Stage | G12: 16 | H12: 8 | I12: 12 | J12: 49.79 | K12: 201.6 | L12: 0.07 | M12: 52.19 | N12: 0.99 | O12: Win | P12: No | Q12: =G12+H12-I12 -> 12 | R12: =RANK(N12,$N$2:N$2800,0) -> 1080 | S12: =G12/I12 -> 1.3333333 | T12: =IF(Q12<15,"Low",IF(Q12<25,"Good","Excellent")) -> Low | U12: {=_xlfn.LET(_xlpm.roles,_xlfn.UNIQUE(D12:D2810),_xlpm.kills, SUMIF(D12:D2810,_xlpm.roles,G12:G2810),INDEX(_xlpm.roles,MATCH(MAX(_xlpm.kills),_xlpm.kills,0)))} -> Entry Fragger | V12: =IF(J12>=50,"High Accuracy",IF(J12>=30,"Medium Accuracy","Low Accuracy")) -> Medium Accuracy | W12: {=_xlfn.LET(_xlpm.roles,_xlfn.UNIQUE(D12:D2810), _xlpm.counts,COUNTIF(D12:D2810,_xlpm.roles), INDEX(_xlpm.roles,MATCH(MAX(_xlpm.counts),_xlpm.counts,0)))} -> Entry Fragger | X12: =AVERAGEIF($C$2:$C$2800,C12,$Q$2:$Q$2800) -> 13.057078
A13: 977 | B13: 3 | C13: Titan Esports | D13: Support | E13: Frozen Base | F13: Final | G13: 9 | H13: 9 | I13: 9 | J13: 52.42 | K13: 217.36 | L13: 0.91 | M13: 35.11 | N13: 0.81 | O13: Win | P13: No | Q13: =G13+H13-I13 -> 9 | R13: =RANK(N13,$N$2:N$2800,0) -> 2341 | S13: =G13/I13 -> 1 | T13: =IF(Q13<15,"Low",IF(Q13<25,"Good","Excellent")) -> Low | U13: {=_xlfn.LET(_xlpm.roles,_xlfn.UNIQUE(D13:D2811),_xlpm.kills, SUMIF(D13:D2811,_xlpm.roles,G13:G2811),INDEX(_xlpm.roles,MATCH(MAX(_xlpm.kills),_xlpm.kills,0)))} -> Entry Fragger | V13: =IF(J13>=50,"High Accuracy",IF(J13>=30,"Medium Accuracy","Low Accuracy")) -> High Accuracy | W13: {=_xlfn.LET(_xlpm.roles,_xlfn.UNIQUE(D13:D2811), _xlpm.counts,COUNTIF(D13:D2811,_xlpm.roles), INDEX(_xlpm.roles,MATCH(MAX(_xlpm.counts),_xlpm.counts,0)))} -> Entry Fragger | X13: =AVERAGEIF($C$2:$C$2800,C13,$Q$2:$Q$2800) -> 12.520971
... A2800: 2677 | B2800: 500 | C2800: Red Vortex | D2800: IGL | E2800: Desert Storm | F2800: Final | G2800: 14 | H2800: 13 | I2800: 9 | J2800: 47.42 | K2800: 250.13 | L2800: 0.17 | M2800: 54.01 | N2800: 1 | O2800: Win | P2800: No | Q2800: =G2800+H2800-I2800 -> 18 | R2800: =RANK(N2800,$N$2:N$2800,0) -> 1 | S2800: =G2800/I2800 -> 1.5555556 | T2800: =IF(Q2800<15,"Low",IF(Q2800<25,"Good","Excellent")) -> Good | U2800: {=_xlfn.LET(_xlpm.roles,_xlfn.UNIQUE(D2800:D5598),_xlpm.kills, SUMIF(D2800:D5598,_xlpm.roles,G2800:G5598),INDEX(_xlpm.roles,MATCH(MAX(_xlpm.kills),_xlpm.kills,0)))} -> IGL | V2800: =IF(J2800>=50,"High Accuracy",IF(J2800>=30,"Medium Accuracy","Low Accuracy")) -> Medium Accuracy | W2800: {=_xlfn.LET(_xlpm.roles,_xlfn.UNIQUE(D2800:D5598), _xlpm.counts,COUNTIF(D2800:D5598,_xlpm.roles), INDEX(_xlpm.roles,MATCH(MAX(_xlpm.counts),_xlpm.counts,0)))} -> IGL | X2800: =AVERAGEIF($C$2:$C$2800,C2800,$Q$2:$Q$2800) -> 12.599585

Sheet Sheet2
A1: Top player | B1: Team lookup
A2: =INDEX(Sheet1!B2:B2800,MATCH(MAX(Sheet1!N2:N2800),Sheet1!N2:N2800,0)) -> 1 | B2: =_xlfn.XLOOKUP(Sheet1!Q2,$B$2:$B$2800,$C$2:$C$2800,"Not found") -> 0
A3: =INDEX(Sheet1!B3:B2801,MATCH(MAX(Sheet1!N3:N2801),Sheet1!N3:N2801,0)) -> 1
A4: =INDEX(Sheet1!B4:B2802,MATCH(MAX(Sheet1!N4:N2802),Sheet1!N4:N2802,0)) -> 1
A5: =INDEX(Sheet1!B5:B2803,MATCH(MAX(Sheet1!N5:N2803),Sheet1!N5:N2803,0)) -> 1
A6: =INDEX(Sheet1!B6:B2804,MATCH(MAX(Sheet1!N6:N2804),Sheet1!N6:N2804,0)) -> 1
A7: =INDEX(Sheet1!B7:B2805,MATCH(MAX(Sheet1!N7:N2805),Sheet1!N7:N2805,0)) -> 2
A8: =INDEX(Sheet1!B8:B2806,MATCH(MAX(Sheet1!N8:N2806),Sheet1!N8:N2806,0)) -> 2
A9: =INDEX(Sheet1!B9:B2807,MATCH(MAX(Sheet1!N9:N2807),Sheet1!N9:N2807,0)) -> 2
A10: =INDEX(Sheet1!B10:B2808,MATCH(MAX(Sheet1!N10:N2808),Sheet1!N10:N2808,0)) -> 2
A11: =INDEX(Sheet1!B11:B2809,MATCH(MAX(Sheet1!N11:N2809),Sheet1!N11:N2809,0)) -> 4
A12: =INDEX(Sheet1!B12:B2810,MATCH(MAX(Sheet1!N12:N2810),Sheet1!N12:N2810,0)) -> 4
A13: =INDEX(Sheet1!B13:B2811,MATCH(MAX(Sheet1!N13:N2811),Sheet1!N13:N2811,0)) -> 4
A14: =INDEX(Sheet1!B14:B2812,MATCH(MAX(Sheet1!N14:N2812),Sheet1!N14:N2812,0)) -> 4
... A2800: =INDEX(Sheet1!B2800:B5598,MATCH(MAX(Sheet1!N2800:N5598),Sheet1!N2800:N5598,0)) -> 500
